name,available_quantity,isbn,language,total_pages,price,book_image,description,published_date,publisher_id,deleted_at,
Thuật Thao Túng - Góc Tối Ẩn Sau Mỗi Câu Nói,100,8935325009006,Tiếng Việt,344,99000,https://www.fahasa.com/thuat-thao-tung-goc-toi-an-sau-moi-cau-noi.html#lg=1&slide=0,"Bạn có muốn giành phần thắng cuối cùng trong các cuộc tranh luận?
Bạn có muốn dẹp đi bộ mặt kiêu ngạo của các đồng nghiệp xung quanh mình?
Bạn có muốn chứng minh rằng bạn đã đúng về mọi thứ?
Đây là quyển sách chứa đựng đáp án mà bạn mong muốn. Thuật thao túng sẽ giúp bạn thuần thục các kỹ năng thuộc bộ môn “nghệ thuật” làm chủ cảm xúc, làm chủ vận mệnh, điều chỉnh tâm lý và đạt được thứ bạn muốn một cách tinh vi: thao túng tâm lý người đối diện, khiến họ hành động theo hướng ta mong đợi. Không những vậy, quyển sách còn giúp bạn nhìn nhận lại về định nghĩa thao túng, những tốt-xấu ẩn giấu đằng sau và giải đáp vấn đề đạo đức con người mà bạn luôn trăn trở khi thực hiện những hành vi này. Bật mí, con người khi vừa sinh ra đã làm một thao tác thao túng tâm lý người khác rồi đấy!
Có thể bạn chưa biết, bạn đã và đang thao túng người khác hoặc bị người khác thao túng thông qua cử chỉ ngôn hành mỗi ngày, như-một-trò-đùa.
Có thể bạn chưa biết, nạn nhân bị thao túng chưa chắc đã rơi vào tình thế bất lợi, nhưng rơi vào tình thế bất lợi chắc chắn đã bị thao túng.
Có thể bạn chưa biết, người có đạo đức chắc chắn không thao túng người khác, nhưng kẻ thao túng người khác chưa chắc đã vô đạo đức.
Với 10 kỹ năng và 37 thủ thuật, Thuật thao túng sẽ giúp bạn nhận ra và thoát khỏi những suy nghĩ xấu xa nơi tiềm thức của chính mình, đồng thời vạch trần góc tối ẩn giấu sau mỗi câu nói của đối phương, đưa những chiêu trò thao túng ấy ra ánh sáng để mọi người không lần nữa rơi vào cạm bẫy. Hơn cả, quyển sách này sẽ dẫn lối bạn trở thành một “nghệ nhân” thao túng có đạo đức.",2022-02-01,1,,
Harry Potter Và Đứa Trẻ Bị Nguyền Rủa: Phần Một Và Hai (Tái Bản),100,8934974177777,Tiếng Việt,468,136000,https://www.fahasa.com/harry-potter-va-dua-tre-bi-nguyen-rua-phan-mot-va-hai-tai-ban.html?fhs_campaign=COLA_TMDT_HETHONG,"Kịch bản Harry Potter và Đứa trẻ bị nguyền rủa được viết dựa trên câu chuyện của J.K. Rowling, Jack Thorne và John Tiffany.
Từ những nhân vật quen thuộc trong bộ Harry Potter, kịch bản nói về cuộc phiêu lưu của những hậu duệ, sự can thiệp vào dòng thời gian đã gây ra những thay đổi không ngờ cho tương lai tưởng chừng đã yên ổn sau khi vắng bóng chúa tể Voldermort",2022-06-01,2,,
Đời Ngắn Đừng Ngủ Dài (Tái Bản 2018),100,8934974158691,Tiếng Việt,228,55000,https://www.fahasa.com/doi-ngan-dung-ngu-dai-tai-ban-2018.html," “Mọi lựa chọn đều giá trị. Mọi bước đi đều quan trọng. Cuộc sống vẫn diễn ra theo cách của nó, không phải theo cách của ta. Hãy kiên nhẫn. Tin tưởng. Hãy giống như người thợ cắt đá, đều đặn từng nhịp, ngày qua ngày. Cuối cùng, một nhát cắt duy nhất sẽ phá vỡ tảng đá và lộ ra viên kim cương. Người tràn đầy nhiệt huyết và tận tâm với việc mình làm không bao giờ bị chối bỏ. Sự thật là thế.”
Bằng những lời chia sẻ thật ngắn gọn, dễ hiểu về những trải nghiệm và suy ngẫm trong đời, Robin Sharma tiếp tục phong cách viết của ông từ cuốn sách Điều vĩ đại đời thường để mang đến cho độc giả những bài viết như lời tâm sự, vừa chân thành vừa sâu sắc.",2022-12-09,2,,
Chạng Vạng (Tái Bản 2020),100,8934974169581,Tiếng Việt,650,144000,https://www.fahasa.com/chang-vang-tai-ban-2020.html,"Sách viết về mối tình của một cô gái trẻ với ma cà rồng, trong bối cảnh nước Mỹ hiện đại. Từ đó, những ngọt ngào và cay đắng thậm chí cả cái chết đã liên tục đe dọa cô gái, để dẫn cô gái đến một lựa chọn can đảm… Chạng vạng thuộc loại truyện kinh dị nhưng viết cảm động, sâu sắc, đầy tính nhân văn. Bản dịch được trau chuốt khá kỹ. Sách dành cho đối tượng bạn đọc rộng rãi, đặc biệt là bạn đọc trẻ.",2020-05-01,2,,
100 Ý Tưởng Nhóm Tuyệt Hay,100,8934974141464,Tiếng Việt,348,78400,https://www.fahasa.com/100-y-tuong-nhom-tuyet-hay-151661.html,"Khi một nhóm hoạt động tốt thì hiệu quả sẽ cao. Người ta thừa nhận năng lực và sự khác biệt cá nhân, tuyên dương và chia sẻ những thành công. Khi sai sót phát sinh, người ta xem đó là cơ hội để học tập hơn là thất bại. Nhưng không phải tất cả các nhóm đều gắn kết. Sự thất vọng có thể xuất hiện khi có những khó khăn nhỏ. Người ta có thể quá tập trung vào chuyện nội bộ và tiến bộ chậm lại.
Các lãnh đạo nhóm giỏi thường tìm cách hỗ trợ nhóm của mình làm việc hiệu quả theo tiến độ, đồng thời cũng đảm bảo mọi người có đủ thời gian để suy nghĩ về những vấn đề dài hạn hơn. Sự thôi thúc thử nghiệm các phương pháp mới và học hỏi từ người khác ngày càng gia tăng.
Những ý tưởng trong quyển sách này sẽ đưa ra hàng loạt đề nghị để giúp bạn đo lường khả năng cao nhất mà bạn có thể đạt được ở cả hai vai trò lãnh đạo cũng như thành viên một nhóm. Quyển sách 100 Ý Tưởng Nhóm Tuyệt Hay sẽ là một công cụ thực hành dành cho những nhà quản lý và lãnh đạo ở bất kỳ cấp bậc, bất kỳ tổ chức và bất kỳ quốc gia nào.",2016-07-09,2,,
Lập Trình Quỹ Đạo Cuộc Đời,100,8935278600619,Tiếng Việt,280,112000,https://www.fahasa.com/lap-trinh-quy-dao-cuoc-doi.html,"Chào mừng bạn đã đến với Lập trình Quỹ Đạo Cuộc Đời, mình là Kiên Trần - tác giả của quyển sách này.
Đây không phải sách phát triển bản thân.
Đây là sách giúp bạn am hiểu bản thân và lập trình nên Quỹ Đạo Cuộc Đời cho riêng bạn. 
Bạn không thể phát triển nếu bạn không am hiểu cách bản thân bạn và xã hội vận hành. 
Đúng vậy, nhiều sách trên thị trường hiện nay xem bạn giống như robot – có thể huy động sự kiên nhẫn, động lực, ý chí, sức mạnh theo ý muốn. Sai sai sai.
Họ khuyên bạn trở thành người tốt, liêm khiết (integrity) nhưng họ chỉ dừng lại ở giáo điều. Sai sai và sai. Kết quả là sau khi đọc xong, bạn quên 90% nội dung và tự hỏi tại sao quỹ đạo cuộc đời không thay đổi. Bạn thấy hay nhưng không hoàn toàn bị thuyết phục.
Lập trình Quỹ Đạo Cuộc Đời đem đến cho bạn những hệ tư duy khiến bạn hiểu vấn đề một cách tường tận qua những ví dụ và lập luận logic. Bạn có cơ hội được đi sâu khám phá bản chất của mọi hành vi. Mình muốn bạn trước khi phát triển bản thân, có thể nhận thức được mọi thứ rõ như ban ngày. Đọc vị được chính bạn, sau đó đến người khác và các chiến thuật tồn tại ở cái thế kỷ XXI hỗn loạn này.
Hãy mang cuốn sách này bên bạn và xem nó như một người bạn. Nhất là những khi bạn cảm thấy tội lỗi, mệt mỏi và muốn bỏ cuộc. Nó là cuốn cẩm nang giúp bạn tìm ra lý do tại sao bạn có những cảm xúc đấy. Nó giúp bạn hiểu bản thân bạn hơn.
Mình muốn bạn hãy xem cuốn sách này mới chỉ là sự bắt đầu.
Đã đến lúc bạn tự lập trình nên quỹ đạo cuộc đời của chính bạn dựa trên những hệ tư duy bạn lĩnh hội được trong Lập trình Quỹ Đạo Cuộc Đời.
Một lần nữa, cảm ơn bạn. Quỹ Đạo Cuộc Đời là của bạn, hãy tận hưởng việc lập trình nó mỗi ngày. ",2019-07-04,3,,
Giáo Trình C++ Và Lập Trình Hướng Đối Tượng,200,8935095624539,Tiếng Việt,482,116000,https://www.fahasa.com/giao-trinh-c-va-lap-trinh-huong-doi-tuong.html,"Lập trình cấu trúc là phương pháp tổ chức, phân chia chương trình thành các hàm, thủ tục. Chúng được dùng để xử lý dữ liệu nhưng lại tách rời các cấu trúc dữ liệu.
Lập trình hướng đối tượng dựa trên việc tổ chức chương trình thành các lớp. Khác với hàm và thủ tục, lớp là một đơn vị bao gồm cả dữ liệu và các phương thức xử lý.
“Giáo trình C++ & lập trình hướng đối tượng” trình bày một cách hệ thống các khái niệm của lập trình hướng đối tượng được cài đặt trong C++ như lớp, đối tượng, sự thừa kế, tính tương ứng bội và các khả năng mới trong xây dựng, sử dụng hàm như đối tham chiếu, đối mặc định, hàm trùng tên, hàm toán tử. “Giáo trình C++ & lập trình hướng đối tượng” gồm 13 chương và 5 phụ lục được trình bày khá khoa học. Ngoài ra, cuốn sách còn đề cập đến một số vấn đề còn ít được biết đến như cách xây dựng hàm với số đối bất định trong C cũng sẽ được giới thiệu .",2017-06-08,4,,
Giáo Trình Kỹ Thuật Lập Trình C Căn Bản & Nâng Cao,200,8935095624522,Tiếng Việt,430,89000,https://www.fahasa.com/giao-trinh-ky-thuat-lap-trinh-c-can-ban-nang-cao.html,"Cùng với sự phát triển như vũ bão của khoa học kỹ thuật nói chung, ngành Công nghệ Thông tin nói riêng đã và đang thâm nhập vào thực tiễn của mọi lĩnh vực trong cuộc sống và hoạt động của con người, trong đó công nghệ lập trình cũng không ngừng phát triển và ngày một ứng dụng rộng rãi hơn.Trong các ngôn ngữ lập trình, ngôn ngữ lập trình C từ lâu đã trở thành ngôn ngữ phổ biến vì tính đa dụng và linh hoạt của nó. Từ một nhà lập trình có tên tuổi cho đến một sinh viên công nghệ thông tin hoặc người yêu thích công nghệ thông tin đều không thể phủ nhận khả năng giải quyết vì xử lý nhanh một bài toán, từ đơn giản đến phức tạp, trên nhiều lĩnh vực khác nhau của ngôn ngữ C. Để đáp ứng nhu cầu mong muốn của nhiều bạn đọc, Nhà xuất bản Thông tin và Truyền thông trân trọng giới thiệu cuốn sách “Giáo trình Kỹ thuật lập trình C: Cơ sở và nâng cao” của PGS. TS Phạm Văn Ất, một tên tuổi quen thuộc với bạn đọc yêu thích ngôn ngữ C.
Nội dung cuốn sách gồm 2 phần:
Phần cơ sở (10 chương đầu) giới thiệu các khái niệm cơ bản như: hằng và biến, biểu thức, hàm đệ quy, con trỏ hàm, cấu trúc, danh sách móc nối, kỹ thuật đồ họa và tổ chức tệp,…
Phần nâng cao (5 chương còn lại và một vài vấn đề khó ở cuối chương 6, 7, 9, 10). Bạn đọc có thể tìm thấy ở đây nhiều vấn đề bổ ích và lý thú như: Kỹ thuật tạo ảnh chuyển động, in ảnh từ màn hình đồ họa, chơi nhạc trên máy, kiến trúc bộ nhớ 8086 và cách truy cập trực tiếp vào bộ nhớ, sử dụng các chức năng sâu của DOS và BIOS, điều khiển chuột, cách lập hàm xử lý ngắt và chương trình thường trú, thay đổi chức năng các phím.
Trong sách còn đưa vào hơn 200 hàm chuẩn chọn lọc của Turbo C, đủ để bạn đọc tiện tra cứu và sử dụng. Các vấn đề lý thuyết được minh họa trên nhiều chương trình chọn lọc đã thử nghiệm trên máy.",2017-08-10,5,,
Data Strategy - Chiến Lược Dữ Liệu,200,8935086846865,Tiếng Việt,272,126400,https://www.fahasa.com/data-strategy-chien-luoc-du-lieu.html,"Dữ liệu đang thay đổi cách chúng ta sống và làm việc với tốc độ chưa từng có. Nó là tất cả dấu vết ta để lại khi lướt web, mua hàng qua thẻ tín dụng, gửi e-mail, chụp ảnh, đọc báo trực tuyến, thậm chí dạo phố khi mang theo điện thoại di động hoặc đi trong khu vực có hệ thống .
Nhờ vào dữ liệu, nhà bán lẻ Target tại Mỹ đã dự đoán đúng một thiếu nữ đang mang thai dựa trên thói quen mua hàng của cô ấy; Google có thể hiển thị chính xác quảng cáo phù hợp với bạn; Facebook biết bạn của bạn là ai, bạn đang trong mối quan hệ với người nào, dự đoán được mối quan hệ này kéo dài trong bao lâu, khi nào bạn sẽ có một mối quan hệ tình cảm, thậm chí cho biết mức độ thông minh của bạn…
Tuy nhiên, hiện có chưa đến 0,5% dữ liệu được phân tích và sử dụng. Nhận thấy mảnh đất màu mỡ này, Bernard Marr đã cho ra đời Chiến Lược Dữ Liệu - nơi hội tụ những kiến thức về dữ liệu được đơn giản hóa với nhiều ví dụ dễ hiểu - cung cấp cho bạn cách thức tối đa hóa sức mạnh của dữ liệu bên cạnh việc tránh những rắc rối liên quan đến pháp lý, danh tiếng và tài chính.
Tầm quan trọng của chiến lược dữ liệu ngày càng được khẳng định qua thành công của các doanh nghiệp hoạt động trên nền tảng dữ liệu như Alphabet, Facebook, Narrative Science, Amazon, Apple… Việc có một chiến lược dữ liệu mạnh và lộ trình khoa học đã trở thành một phần tất yếu trong ADN của mỗi tổ chức. Nó xứng đáng nhận được sự quan tâm ngang với chiến lược marketing, khách hàng, sản phẩm hay thu hút nhân tài của doanh nghiệp.
Chiến Lược Dữ Liệu không chỉ phù hợp cho người bước đầu làm quen với dữ liệu, mà còn cung cấp nhịp điệu bao quát về những thay đổi đang diễn ra trên thị trường và trang bị nền tảng ban đầu cho người đang chịu trách nhiệm về mảng dữ liệu của doanh nghiệp.",2019-08-03,6,,
Khoa Học Khám Phá - Lược Sử Thời Gian (Tái Bản 2022),200,8934974179238,Tiếng Việt,286,92000,https://www.fahasa.com/khoa-hoc-kham-pha-luoc-su-thoi-gian-tai-ban-2022.html,"Tò mò là một trong những phẩm chất bẩm sinh vô cùng quan trọng của chúng ta, và những vấn đề như Bản chất của vũ trụ là gì? Vũ trụ từ đâu ra? Chúng ta đến từ đâu và đóng vai trò gì trong vũ trụ? Có giới hạn cho sự nhận thức của con người không?... là những câu hỏi mà biết bao nhiêu thế hệ con người đã đặt ra dưới dạng này hoặc dạng khác từ khi bắt đầu biết nhận thức và suy ngẫm về thế giới này. Tất cả những vấn đề được nên ra trong tác phẩm Lược sử thời gian như Vũ trụ giãn nở, Lỗ đen, Nguồn gốc và số phận của vũ trụ, Mũi tên thời gian… đều là mong muốn của tác giả để phần nào trả lời được những câu hỏi đó, và hướng tới việc giải thích các giai đoạn lịch sử của toàn bộ vũ trụ.
Bằng ngôn ngữ sáng sủa, lập luận chặt chẽ rất thuyết phục, và sự dí dỏm rất riêng, tác giả Stephen Hawking đặt ra cho mình nhiệm vụ diễn tả những điều phức tạp nhất trong vật lý học một cách dễ hiểu đối với mọi người, không dùng bất kỳ công thức toán học nào, trừ phương trình nổi tiếng của Einstein: E = mc2",2022-06-03,2,,
Sinh Học Phân Tử Của Tế Bào 01 - Cơ Sở Hoá Học Và Phân Tử,100,8934974154709,Tiếng Việt,284,128000,https://www.fahasa.com/sinh-hoc-phan-tu-cua-te-bao-01-co-so-hoa-hoc-va-phan-tu.html,"Sinh Học Phân Tử của Tế Bào là một cuốn sách giáo khoa chuyên ngành dành cho sinh viên đại học và sau đại học, do GS. Harvey Lodish và các nhà khoa học hàng đầu thế giới biên soạn. Nội dung sách chứa đựng các thông tin súc tích và cập nhật về hoạt động của tế bào ở mức phân tử. Cuốn sách tổng hợp các kiến thức thiết yếu trong sinh học tế bào, di truyền học, hệ gene học, hóa sinh học và sinh học phát triển, đồng thời đưa ra rất nhiều ví dụ minh họa trong y học, công nghệ sinh học và sinh học thực vật. Các tác giả còn đưa ra những giải thích chi tiết về các phương pháp và kỹ thuật mà các nhà khoa học đã dùng để khám phá ra các tri thức đó. Chính vì thế người đọc có thể nắm vững hơn các công nghệ cần thiết để đi sâu hơn vào các lĩnh vực nghiên cứu mới mẻ này. Tập 1 gồm 3 chương:
- Chương 1. Phân tử, Tế bào và Sự Tiến hoá
- Chương 2. Cơ sở hóa học 
- Chương 3. Cấu trúc và chức năng của protein.
Đây là lần in tái bản của tập 1 đã ra, nhưng lại là lần in hoàn toàn mới vì đây là bản cập nhật theo ấn bản 7  của Molecular Cell Biology, ấn bản được đưa vào nội dung nhiều  tiến bộ ngoạn mục trong bốn năm vừa qua trong lĩnh vực Y Sinh học.",2018-12-14,2,,
Sinh Học Phân Tử Của Tế Bào (Tập 2),100,8934974141471,Tiếng Việt,470,293000,https://www.fahasa.com/sinh-hoc-phan-tu-cua-te-bao-tap-2.html?fhs_campaign=COLA_TMDT_HETHONG,"Sinh Học Phân Tử Của Tế Bào (Tập 2)

Sinh học phân tử của tế bào là nền tảng của sinh học hiện đại, gồm những kiến thức cơ sở, chuẩn xác và quý giá trong lĩnh vực sinh học phù hợp với sinh viên, giảng viên, nghiên cứu viên và những người làm việc trong lĩnh vực sinh học và y khoa. Sách được dịch từ bản gốc tiếng Anh 'Molecular cell biology' và được chia làm 5 tập. Tập 2 với nội dung về di truyền học và sinh học phân tử.",2016-08-09,2,,
Sự Đầy Của Cái Không,200,8934974157069,Tiếng Việt,344,112000,https://www.fahasa.com/su-day-cua-cai-khong.html,"Chúng ta đứng giữa hai cái vô hạn, vô cùng bé và vô cùng lớn, hai cột mốc hiểu biết đã thách thức con người xuyên suốt chiều dài lịch sử. Và cũng như vô hạn, cái không không ngừng xuất hiện dưới nhiều hình thức trong các lĩnh vực khác nhau của tư tưởng con người. Sự sợ hãi cái hư vô, hay chân không, thể hiện rất rõ trong tư tưởng phương Tây, mà rõ nét nhất là việc số 0, biểu hiện của cái không trong toán học, đã ra đời ở phương Đông bất chấp những tiến bộ lớn lao trong toán học phương Tây. Con người sợ chân không, tự nhiên sợ chân không, vậy chân không thật sự là gì? Nó có thật sự trống rỗng? Không gian trong vũ trụ có phải là chân không? Làm thế nào mà vũ trụ lại chuyển từ không tồn tại thành tồn tại, từ hư vô thành một cái gì đó? Vai trò của chân không trong sự ra đời của vũ trụ là gì?
Chúng ta đứng giữa hai cái vô hạn, vô cùng bé và vô cùng lớn, hai cột mốc hiểu biết đã thách thức con người xuyên suốt chiều dài lịch sử. Và cũng như vô hạn, cái không không ngừng xuất hiện dưới nhiều hình thức trong các lĩnh vực khác nhau của tư tưởng con người. Sự sợ hãi cái hư vô, hay chân không, thể hiện rất rõ trong tư tưởng phương Tây, mà rõ nét nhất là việc số 0, biểu hiện của cái không trong toán học, đã ra đời ở phương Đông bất chấp những tiến bộ lớn lao trong toán học phương Tây. Con người sợ chân không, tự nhiên sợ chân không, vậy chân không thật sự là gì? Nó có thật sự trống rỗng? Không gian trong vũ trụ có phải là chân không? Làm thế nào mà vũ trụ lại chuyển từ không tồn tại thành tồn tại, từ hư vô thành một cái gì đó? Vai trò của chân không trong sự ra đời của vũ trụ là gì?
Trong cuốn Sự đầy của cái không, tác giả Trịnh Xuân Thuận đưa độc giả đi qua lịch sử phát triển của khoa học và triết học về chân không, từ thuyết tương đối đến lý thuyết lượng tử, từ khái niệm chân không trong Đạo giáo đến các mặt đối lập bổ sung cho nhau trong Phật giáo. Đây là cuốn sách dành cho tất cả những ai muốn hiểu hơn về nguồn gốc vũ trụ, và do đó hiểu hơn về nguồn gốc của chính loài người, những sinh vật có ý thức để đặt câu hỏi về cõi hư vô đã sinh ra vũ trụ này.",2018-09-05,2,,
Nguồn Gốc - Nỗi Hoài Niệm Về Những Thuở Ban Đầu,200,8934974140573,Tiếng Việt,620,150400,https://www.fahasa.com/nguon-goc-noi-hoai-niem-ve-nhung-thuo-ban-dau-159560.html,"Cuốn sách này nhằm mở ra cho độc giả những cánh cửa của thế giới vô cùng lớn - các thiên hà xa xôi, các tinh vân sặc sỡ của Ngân hà, các hành tinh của Hệ Mặt trời; cũng như những cánh cửa của thế giới vô cùng nhỏ - các tế bào sống, các mạng nơron, chuỗi xoắn kép AND; và tiết lộ cho độc giả những khía cạnh mới vẻ đẹp tráng lệ của thế giới.",2016-06-14,2,,
Khoa Học Khám Phá - Trả Lời Ngắn Gọn Những Câu Hỏi Lớn,200,8934974169574,Tiếng Việt,204,72000,https://www.fahasa.com/khoa-hoc-kham-pha-tra-loi-ngan-gon-nhung-cau-hoi-lon.html,"Khoa Học Khám Phá - Trả Lời Ngắn Gọn Những Câu Hỏi Lớn
Các nhà khoa học, các chuyên gia kỹ thuật, các doanh nhân tầm cỡ, các nhà chính trị hàng đầu và công chúng bình dân thường hỏi Stephen Hawking xem ông nghĩ gì đối với “các câu hỏi lớn” của thời đại, những câu hỏi mà phần lớn các nhà khoa học khác đôi khi lảng tránh. Stephen đã tạo ra một kho lưu trữ riêng các câu trả lời của mình, dưới dạng các bài nói, phỏng vấn và bài viết. Cuốn sách này được lấy ra từ kho lưu trữ cá nhân ấy của Stephen và hình thành trong khoảng thời gian ông ra đi. 
Trong cuốn sách này, Stephen Hawking đã trả lời các câu hỏi như: Có chăng Thượng đế? Mọi sự đã khởi đầu như thế nào? Liệu chúng ta có thể dự đoán tương lai không? Bên trong lỗ đen có gì? Du hành thời gian có khả thi không? Chúng ta định hình tương lai bằng cách nào?... bằng những suy luận bắt nguồn từ lĩnh vực khoa học của ông, rất sắc bén đồng thời cũng vô cùng ngắn gọn, thật sâu xa nhưng cũng rất giản dị, như chính bản thân ông vậy.",2020-05-08,2,,
Tối Ưu Toàn Diện Website Doanh Nghiệp - Phiên Bản Thứ 2,100,8935072953874,Tiếng Việt,374,148000,https://www.fahasa.com/toi-uu-toan-dien-website-doanh-nghiep-pb-thu-2-nxb-thtp.html,"Chúng tôi viết cuốn sách này cho bản thân chúng tôi, cái thời chúng tôi còn trẻ. Ngày xưa, cả hai chúng tôi quản lý việc kinh doanh trực tuyến - đây là nơi đã cho chúng tôi nhiều thách thức là làm sao để có thể tăng doanh số một cách ồ ạt. Lúc đó, chúng tôi làm việc ở hai châu lục khác nhau, và cả hai đều rất áp lực khi phải tìm cách phát triển doanh nghiệp của mình bằng mọi giá.
Vào thời điểm đó không tìm đầu ra cuốn sách như thế này - nếu có chúng tôi đã ngấu nghiến lấy nó rồi. Nghĩ đến điều đó, chúng tôi quyết định viết cuốn sách này cho bạn. Quan điểm của chúng tôi là viết ra một hướng dẫn theo từng bước thật chi tiết rõ ràng về cách tăng doanh số bán hàng trực tuyến cho người khác. Quyết định của chúng tôi đã gây sốc.
Một số người cảnh báo chúng tôi rằng viết một cuốn sách cho đi kiến thức của mình, tiết lộ toàn bộ bí mật và chuyên môn, sẽ gây hại cho công ty của chúng tôi vì lúc đó các khách hàng tiềm năng sẽ biết cách tự kinh doanh. Điều đó chưa bao giờ khiến chúng tôi lo lắng. Mỗi ngày, chúng ta thấy mọi người thất vọng như thế nào khi sử dụng các trang web thương mại điện tử. Khi truy cập một trang web, khách truy cập không chỉ muốn trải nghiệm qua các trang web, mà còn là quá trình suy nghĩ họ phải trải qua trước khi họ quyết định mua hàng. Giải quyết những vấn đề này là điều thôi thúc chúng tôi.",2022-05-12,6,,
Hiểm Họa Hacker Hiểu Biết Và Phòng Chống (Tái Bản 2018),100,9786045882771,Tiếng Việt,344,118000,https://www.fahasa.com/hiem-hoa-hacker-hieu-biet-va-phong-chong-tai-ban-2018.html,"Gần đây người ta thường nói đến hacker (hiểu theo nghĩa tiêu cực là tin tặc), đến sự nguy hiểm của những cuộc tấn công mạng. Nhưng nhiều người trong số chúng ta vẫn cho rằng, mối đe dọa này chẳng mấy liên quan đến thường dân. Thực tế lại không như vậy. Hầu như tất cả các công trình công nghiệp hiện nay đều đã được tự động hóa, ứng dụng công nghệ thông tin (CNTT), trong đó có những công trình đặc biệt quan trọng đối với một quốc gia như chế biến dầu khí, nhà máy điện, cảng hàng không... Cuốn sách này đề cập đến một vấn đề quan trọng: an ninh của các công trình công nghiệp tối quan trọng, và cũng là an ninh của quốc gia nói chung.
Việc tự động hóa, ứng dụng CNTT trong sản xuất giúp nâng cao độ tin cậy, tăng năng suất vì loại bỏ được lỗi do con người gây ra. Thế nhưng, đây lại chính là mục tiêu tấn công của hacker. Trên thế giới hiện nay đã có nhiều trường hợp xảy ra, chỉ một nhóm hacker cũng có thể làm đình trệ cả một hệ thống lớn.
Ví dụ điển hình là cuộc tấn công bằng mã độc vào Cụm cảng Hàng không Việt Nam tại Nội Bài và Tân Sơn Nhất vào cuối tháng 7/2016 đã gây ngưng trệ hoạt động tại các sân bay, đồng thời một lượng dữ liệu lớn của khách hàng Vietnam Airlines bị đánh cắp. Chưa dừng ở đó, vụ mất tiền từ tài khoản của khách hàng tại Vietcombank cũng cho thấy có bàn tay của hacker chuyên nghiệp.
Sẽ ra sao nếu như đứng sau những cuộc tấn công như vậy lại là bọn khủng bố, hay tệ hơn là kẻ thù tiềm năng, và thậm chí cả một quốc gia thù địch với tiềm lực công nghệ lẫn tài chính mạnh hơn rất nhiều, nghĩa là khả năng đạt mục tiêu cũng lớn hơn và hậu quả sẽ thảm khốc hơn.
Chính vì vậy, sự ra mắt của cuốn sách “Hiểm họa hacker: Hiểu biết và phòng chống” là rất đúng lúc và cần thiết. Tác giả của cuốn sách này là một nhà khoa học Nga - chuyên gia về an ninh thông tin. Và chúng ta đều biết rằng an ninh thông tin của Nga là một trong những trường phái mạnh hàng đầu thế giới.
Cuốn sách rất thiết thực cho cán bộ và đại diện các cơ quan an ninh, nó cũng cần thiết cho lãnh đạo các công trình tối quan trọng để nhận thức rõ tính cấp thiết của vấn đề an ninh thông tin. Hơn nữa, cuốn sách còn rất bổ ích cho các doanh nhân, chuyên viên CNTT, và cho cả những người quan tâm đến CNTT và an ninh mạng.",2018-06-04,6,,
Ngôi Trường Mọi Khi (Tái Bản 2022),100,8934974178644,Tiếng Việt,244,34000,https://www.fahasa.com/ngoi-truong-moi-khi-tai-ban-2022-399604.html,"Những câu chuyện về nhóm bạn học sinh năm đầu cấp 3 với bao kỷ niệm vui buồn hờn giận, bao nhiêu trò tinh nghịch của tuổi mới lớn.
Với những Hạt tiêu, Tóc ngắn, Hột mít, Bảnh trai, Răng chuột, Mặt mụn…đã tạo nên không khí của một lớp học thật dễ thương với bao nhiêu tình cảm yêu thương, cảm động và gần gũi.",2022-05-05,2,,
"Khoa Học Khám Phá - Câu Chuyện Cơ Thể Con Người: Tiến Hóa, Sức Khỏe Và Bệnh Tật",100,8934974173212,Tiếng Việt,540,165000,https://www.fahasa.com/khoa-hoc-kham-pha-cau-chuyen-co-the-con-nguoi-tien-hoa-suc-khoe-va-benh-tat.html,"""Câu chuyện về cơ thể con người: Tiến hóa, sức khỏe và bệnh tật"" là một cuốn sách phổ biến khoa học nổi tiếng về sinh học, đặc biệt có liên quan tới những vấn đề sức khỏe và bệnh tật của con người hiện đại.
Chúng ta không tiến hóa để khỏe mạnh, mà thay vì thế, chúng ta đã được lựa chọn để có càng nhiều hậu duệ càng tốt trong những điều kiện rất đa dạng và đầy thách đố. Kết quả là, ta không bao giờ tiến hóa để có những lựa chọn hợp lý rằng phải ăn cái gì hay phải luyện tập như thế nào trong các điều kiện giàu có và tiện nghi. Thêm nữa, sự tương tác giữa cơ thể mà ta thừa hưởng, môi trường mà ta tạo ra, và các quyết định mà đôi khi ta đưa ra, đã kích hoạt một vòng phản hồi thầm lặng tai hại. Ta bị mắc các chứng bệnh kinh niên vì đã làm cái điều ta tiến hóa để làm nhưng dưới các điều kiện mà cơ thể ta khó có thể thích ứng, và rồi ta lại trao truyền nguyên những điều kiện đó cho con cháu mình, làm cho chúng cũng bị ốm theo. Nếu muốn chặn đứng cái vòng nguy hiểm này lại, ta cần hình dung ra cách để, một cách cẩn trọng và khôn ngoan, thúc đẩy và đôi khi tự bắt buộc mình phải ăn những đồ ăn có lợi cho sức khỏe và phải năng hoạt động hơn về thể chất. Đó cũng là cái mà chúng ta đã tiến hóa để làm.
Tuy chủ đề chính của cuốn sách này - sự tiến hóa của con người, sức khỏe và bệnh tật - là hết sức rộng lớn và phức tạp, nhưng tác giả đã làm cho các sự kiện, những lời giải thích và lập luận trở nên đơn giản và rõ ràng, mà không quá thô thiển hoặc né tránh những vấn đề thiết yếu, đặc biệt là đối với những loại bệnh nghiêm trọng như ung thư vú hay đái tháo đường. Từ đó, cuốn sách đã đề cập được cách thức để áp dụng các bài học trong quá khứ về cơ thể con người cho tương lai của nó.
Tác giả cuốn sách - Daniel E. Lieberman - là giáo sư ngành Sinh học Tiến hóa của con người (nhân loại) và ngành Khoa học Sinh học tại Đại học Harvard. Ông đã viết hơn một trăm bài báo, đa số được đăng trên các tạp chí khoa học uy tín nhất là Nature và Science. Lieberman đặc biệt nổi tiếng với các nghiên cứu về sự tiến hóa của đầu người, và sự tiến hóa của hoạt động chạy, bao gồm cả chạy chân trần (vì lẽ đó ông được gán biệt hiệu Giáo sư chân trần). Các nghiên cứu và phát minh của ông thường được các báo, tạp chí, sách, chương trình tin tức và tư liệu đặt ở vị trí nổi bật.
Một cuốn sách hấp dẫn không chỉ đối với những ai trong ngành sinh học, mà đối với tất cả con người chúng ta: ai không quan tâm đến cơ thể chính mình, sức khỏe, quá khứ và tương lai của chính mình?",2021-05-05,2,,
Người Giỏi Không Bởi Học Nhiều (Tái Bản),100,8935251419511,Tiếng Việt,192,75000,https://www.fahasa.com/nguoi-gioi-khong-boi-hoc-nhieu-tai-ban.html,"Người giỏi không bởi học nhiều là cuốn sách kỹ năng sẽ giúp bạn trở thành một sinh viên nổi bật và có những năm tháng trên giảng đường đại học.

Bạn làm gì để trở thành một sinh viên nổi bật? Làm thế nào để bạn có những năm tháng trên giảng đường đại học thú vị nhất, trưởng thành nhất - tốt nghiệp đại học bằng xuất sắc, tham gia các hoạt động bổ ích, và khi ra trường xây dựng được một hồ sơ xin việc đẹp, có nhiều cơ hội việc làm sau khi tốt nghiệp đại học?

Cuốn sách Người giỏi không bởi học nhiều do Alpha Books biên soạn sẽ cung cấp cho bạn những phương pháp dễ áp dụng nhất trong học tập cũng như rèn luyện phong cách sống, giúp bạn đạt được những điều trên, và còn hơn thế nữa.

Trong cuốn sách tư duy học tập này, bạn sẽ biết cách :

Không đọc tất cả những gì được giao trên lớp
Tạo ra “Nghi thức Chủ nhật”
Bỏ đi một số giờ học mỗi kỳ
Bắt đầu bài tập lớn ngay khi được giao
Trở thành chủ tịch một câu lạc bộ trong trường
Ứng tuyển mười học bổng mỗi năm
Làm tốt hơn bất kỳ người nào bạn biết
Và còn nhiều điều nữa….",2022-01-06,7,,
Du Hành Vào Tâm Ánh Sáng (Tái Bản 2022),100,8935244869231,Tiếng Việt,113,55000,https://www.fahasa.com/du-hanh-vao-tam-anh-sang-tai-ban-2022.html,"Thật quen thuộc nhưng cũng thật bí ẩn, ánh sáng luôn lôi cuốn con người, dù đó là triết gia, tín đồ, nghệ sĩ hay nhà khoa học. Ánh sáng từ đâu đến? Nó lan truyền như thế nào? Với tốc độ nào? Làm thế nào để chế ngự được nó?... Nó là sóng hay hạt? Câu hỏi về bản chất thực sự của ánh sáng đã khơi lên từ thế kỉ XVII một cuộc tranh luận hấp dẫn, sẽ dẫn đến hai lí thuyết cơ bản của vật lí hiện đại là thuyết tương đối của Einsstein và cơ học lượng tử. Ngày nay, các nhà thiên văn, thông qua việc quan sát các nguồn gốc ánh sáng của vũ trụ, có thể đi ngược lại thời gian và lần lại lịch sử vũ trụ. Trong tương lai, nhờ kĩ thuật quang sợi, ánh sáng sẽ thay thế điện tử trong kĩ thuật viễn thông. Lần lượt gợi lại ánh sáng Mặt trời, cội nguồn của mọi sự sống, và ánh sáng nhân tạo với cuộc chinh phục công nghệ không thể bỏ qua, nhà thiên văn học Trịnh Xuân Thuận dẫn dắt chúng ta vào một chuyến du hành rạng rỡ.

“Vì sao không có gì mù mờ như ánh sáng, nhưng lại cũng không gì rõ ràng hơn ánh sáng bởi nó soi sáng và khiến cho ta thấy rõ vạn vật?” (Marsilio Ficino, Ánh sáng là gì, 1476)

TRỊNH XUÂN THUẬN sinh tại Hà Nội. Ông theo học tại Viện Công nghệ sinh California rồi Đại học Princeton, Hoa Kì. Từ năm 1976, ông là giáo sư thiên văn học tại Đại học Virginia. Là một nhà vật lí thiên văn, ông viết nhiều sách về sự hình thành và tiến hóa của những thiên hà.

Ông là tác giả của nhiều cuốn sách phổ biến thiên văn học nổi tiếng đã được dịch ra tiếng Việt:

• Giai điệu bí ẩn. Và con người tạo nên vũ trụ

• Hỗn độn và hài hòa

• Cái vô hạn trong lòng bàn tay

• Nguồn gốc – Nỗi hoài niệm về những thuở ban đầu

• Từ điển yêu thích bầu trời và các vì sao

• Vũ trụ và hoa sen

• Khát vọng tới cái vô hạn

Mời các bạn tìm đọc bộ sách Khám phá thế giới:

Du Hành Vào Tâm Ánh Sáng

Số Phận Của Vũ Trụ - Big Bang Và Sau Đó",2022-02-09,8,,
Sự Thật Thú Vị Về Loài Vật: Động Vật Ăn Như Thế Nào?,100,8935244833799,Tiếng Việt,32,40000,https://www.fahasa.com/su-that-thu-vi-ve-loai-vat-dong-vat-an-nhu-the-nao.html,Trông chúng vừa giống hải li,2019-05-09,8,,
Graphic Legends - The Adventures Of King Arthur - Những Chuyến Phiêu Lưu Của Vua Arthur,100,8935212348973,Tiếng Việt,106,26550,https://www.fahasa.com/graphic-legends-the-adventures-of-king-arthur-nhung-chuyen-phieu-luu-cua-vua-arthur.html,"Khi Vương quốc Anh chìm trong hỗn loạn, Merlin thần bí đã đưa hoàng tử nhỏ Arthur đi ẩn náu.

Nhiều năm sau, chàng trai trẻ Arthur thực sự bất ngờ khi phát hiện ra mình mới là người trị vì hợp pháp của vương quốc.

Kề vai sát cánh cùng các Hiệp sĩ bàn tròn đầy dũng mãnh, vị vua trẻ mới đăng quang Arthur đã trải qua rất nhiều cuộc chiến để có thể bảo toàn được lãnh thổ vương quốc của mình.

Câu chuyện về những thanh kiếm, những phép màu cổ tích và cả những chiến công đậm chất sử thi đã được kết hợp với nhau tạo thành bức tranh vô cùng sống động và bi tráng qua cuốn sách thật sự đặc biệt này.",2019-06-11,9,,
Thế Giới Trong Bạn - The World Within,200,8935086855423,Tiếng Việt,328,134000,https://www.fahasa.com/the-gioi-trong-ban-the-world-within.html,"“Thế giới trong bạn”(tựa gốc: “The World Within”) tổng hợp những cuộc hỏi đáp giữa Jiddu Krishnamurti với những người đã tìm đến ông vào giai đoạn ông sống “lánh đời” hồi Thế chiến thứ 2. Dù vậy, cuốn sách vẫn mang tính thời đại và có liên hệ trực tiếp với cuộc sống ngày nay.

Người ta tìm đến để hỏi Krishnamurti về mọi thứ: sinh kế, mối quan hệ, nuôi dạy con, mâu thuẫn hàng ngày, bế tắc trong cuộc sống, nỗi đau đang xiềng xích họ, tình trạng trống rỗng, chán nản nghề nghiệp, những giấc mơ lộn xộn, xung đột với tổ chức, chiến tranh và thậm chí là cách để thay đổi thế giới…

Đọc “Thế giới trong bạn”, ta sẽ thấy rằng trước mọi câu hỏi, lời hồi đáp của Krishnamurti đều giúp cho người đọc tự nhìn thấy các vấn đề của họ bằng cách hãy tự biết mình. Bởi mọi niềm vui và đau khổ của thế giới đều là sự phản ánh của niềm vui và đau khổ trong ta, vì ta chính là thế giới, nên mọi thay đổi đều phải bắt đầu từ chính mình. “Giống như cái cây sẽ chết nếu các cành và lá của nó bị cắt cụt nhiều lần, sự vô minh và đau khổ phải bị triệt hạ ngay khi chúng xuất hiện, thông qua nhận thức không ngừng và sự hiểu biết”, ông nói.

Nhưng, tự biết mình bằng cách nào và tự nhận thức như thế nào là sâu sắc? Câu trả lời sẽ được lật mở chậm rãi qua 80 bài đối thoại trong cuốn sách “Thế giới trong bạn”. Tựu trung, theo Krishnamurti, sự hiểu biết trọn vẹn về chính mình bắt đầu từ việc xem xét triệt để các suy nghĩ và cảm xúc, vượt lên trên kiến thức, không so sánh, không phán xét, không lệ thuộc vào người khác và nhất là không tuân theo bất cứ khuôn mẫu nào.

“Tự biết mình là việc không dễ dàng”, Krishnamurti nói, “Nó giống như một bộ sách dày trang. Bạn không thể bỏ qua một trang nào, bởi vì mỗi trang đều đưa ra gợi ý về sự khám phá và trải nghiệm”. Một khi ta biết cách đọc cuốn sách chính mình, ta cũng sẽ biết về thế giới xung quanh và mọi vấn đề của nó. “Bạn chính là thế giới”, Krishnamurti nói.

Cách đối thoại của Krishnamurti trực diện và tỉnh táo, lập luận của ông đôi khi sắc như dao, có lúc lại uyển chuyển với hình ảnh cái cây, con sông, đám lửa... Cứ thế, qua từng đoạn đối thoại ngắn, ông đã khiến cho người xem thời xưa lẫn người đọc hiện tại choáng váng, như lời của một người được giải đáp đã chia sẻ: “Điều ông vừa nói dường như đã mở ra những triển vọng lớn lao, tôi phải suy nghĩ về nó”.

Không khuyên bảo hay dạy dỗ, điều Krishnamurti làm là gợi mở cho người ta tự chiêm nghiệm, tự suy nghĩ để tìm kiếm câu trả lời. Ông không ngừng nhắc nhở mọi người nhìn vào nội tâm, nhìn thế giới qua chính mình, để tự giải thoát bản thân khỏi những sự khuôn định, khỏi những tư tưởng và thẩm quyền. Và để bắt đầu hành trình đó, chúng ta không cần tìm kiếm đâu xa cũng không cần cầu viện bất kỳ ai, chúng ta có thể bắt đầu từ chính mình, bằng thiền định đúng và tư duy đúng.",2022-06-01,7,,
Bí Ẩn Của Não Phải (Tái Bản 2022),100,8935086856345,Tiếng Việt,224,100000,https://www.fahasa.com/bi-an-cua-nao-phai-tai-ban-2022.html,"Đối với trẻ nhỏ việc giúp bé phát triển khả năng tư duy sáng tạo là điều rất quan trọng, vì vậy cha mẹ cần quan tâm giúp trẻ rèn luyện kích thích hoạt động của não phải để bồi dưỡng cho trẻ khả năng tư duy sáng tạo. Bởi lẽ việc phát triển não phải cho trẻ không phải chỉ phát triển về cảm xúc, về sự sáng tạo mà những kết quả đó sẽ giúp ích rất nhiều cho sự phát triển toàn não bộ. Khi được giáo dục đúng cách, não phải sẽ phát triển và tạo sự liên kết với não trái một cách tốt nhất.

Để giúp các bậc cha mẹ dễ dàng hình dung về dạng năng lực và khả năng sáng tạo của các bé nay Viện Giáo dục Trẻ em Shichida Nhật Bản sẽ gửi đến các bậc phụ huynh những kiến thức về khả năng tư duy của con bạn cũng như những kỹ năng mà bé có thể tự học hỏi, sáng tạo, và phát triển trong chính bộ não tí hon của mình. Điều quan trọng nhất trong giáo dục không phải nhồi nhét kiến thức mà là khơi gợi tài năng thiên bẩm mà mỗi bé có ngay từ khi sinh ra. Để đạt được điều này, ba mẹ cần tạo môi trường tốt nhất cho sự phát triển của bé giàu tính tương tác và giáo dục.

Bằng cách kết hợp sức mạnh của não trái, Phương pháp Shichida hướng đến mục tiêu khơi dậy khả năng của trẻ một cách cân bằng được gọi là “giáo dục não toàn diện”. Những khả năng như “cảm hứng” và “sáng tạo” được điều khiển bởi những chức năng của não phải. Não phải tư duy bằng hình ảnh và có khả năng nhớ những gì chúng ta thấy chỉ bằng một cái nhìn. Điều này minh họa cho trí tưởng tượng phong phú. Não trái tư duy bằng ngôn ngữ, chi phối việc phân tích và tư duy lôgic của chúng ta. Thật đáng tiếc, chúng ta thường chỉ sử dụng não trái, còn não phải thường ở trong trạng thái ngủ. Những bé được dạy đúng cách để sử dụng não phải từ nhỏ sẽ có thể duy trì các khả năng này thậm chí sau khi bé lớn lên. Có một thực tế là mọi đứa trẻ đều được sinh ra cùng vô vàn tài năng tiềm ẩn. Song những tiềm năng đó sẽ không thể nảy mầm nếu không được tác động đúng lúc và đúng cách. Không ai khác, chính cha mẹ là người khơi dậy những tố chất thiên tài của con mình. Không đơn giản là một cuốn sách nuôi dạy con cái thông thường, mà còn có rất nhiều chủ đề thú vị, bí ẩn về năng lực tiềm ẩn của não phải.

Qua đó cuốn sách cũng kết hợp nhiều câu chuyện thực tế mà các bé đã được giáo dục qua phương pháp Shichida “Bí Ẩn Của Não Phải” đem đến một triết lí giáo dục lành mạnh, nhân văn mà vẫn rất kỉ luật, nghiêm khắc. Ngoài phần nội dung ra cuốn sách còn có những hình ảnh cụ thể, sinh động, dễ hiểu cùng với những câu chuyện thực tế mà giáo viên tại học viện Shichida đã kể lại rằng: “Ông nội của T mắc bệnh ung thư. Cậu bé nghe được điều này khi bác sĩ giải thích tình trạng bệnh của ông với mẹ. T có khả năng chữa lành cho người khác thông qua việc tưởng tượng mình biến thành một người tí hon và đi vào trong cơ thể của họ để chữa lành những bộ phận bị đau. Mỗi lần đến thăm ông trong bệnh viện, T đều tưởng tượng mình đang đi vào cơ thể của ông và tiêu diệt hết vi khuẩn. Các tế bào ung thư nhỏ lại dần dần. Em T đã làm như vậy không chỉ cho ông nội mà còn cho các bệnh nhân khác trong cùng phòng và thậm chí một số bệnh nhân bị ốm nặng, thật ngạc nhiên khi tất cả những người đó đã đủ khỏe để trở về nhà”.

Cuốn sách đem đến triết lí giáo dục lành mạnh, nhân văn, coi trọng và tôn vinh mọi đứa trẻ. Nó cũng thức tỉnh cha mẹ Việt tận dụng những năm tháng đầu đời - khoảng thời gian duy nhất chúng ta có thể nắm tay trẻ - để quan tâm hơn đến việc nuôi dạy và giúp con có nền tảng phát triển tốt nhất. Không phải việc giáo dục bằng não phải theo phương pháp Shichida mang lại cho bạn một đứa trẻ thiên tài, mà luôn luôn có một thiên tài trong mỗi đứa trẻ nếu chúng ta biết cách kích thích não phải đúng cách. ",2022-02-10,1,,
Gã Nghiện Giày - Tự Truyện Của Nhà Sáng Lập Nike,100,8934974150961,Tiếng Việt,452,136000,https://www.fahasa.com/ga-nghien-giay-tu-truyen-cua-nha-sang-lap-nike.html,"Một câu chuyện cuốn hút, và truyền cảm hứng.... 24 tuổi, lấy bằng MBA ở Đại học Stanford, trăn trở với những câu hỏi lớn của cuộc đời, băn khoăn không biết tiếp tục làm việc cho một tập đoàn lớn hay tạo dựng sư nghiệp riêng cho mình... 24 tuổi, năm 1962, Phil Knight quyết định rằng con đường khác thường mới là lựa chọn duy nhất dành cho ông... Rồi ông khoác ba lô đi đến Tokyo, Hongkong, Bangkok, Việt Nam, Calcutta, Kathmandu, Bombay, Cairo, Jerusalem, Rome, Florence, Milan, Venice, Paris,, Munich, Vienna, London, Hy Lạp... Để rồi khi về lại quê nhà ở bang Oregon, ông quyết định mở công ty nhập khẩu giày chạy từ Nhật. Ban đầu chỉ một đôi để thử, rồi vài chục đôi, bán tại tầng hầm của gia đình bố mẹ Phil. Đam mê, quyết tâm, dám chấp nhận thất bại, vượt qua nhiều chông gai từ chuyện thiếu vốn, đến chuyện cạnh tranh từ đối thủ nhập khẩu khác… Phil Knight đã đưa công ty nhập khẩu giày ra đời với 50 đô-la mượn của bố phát triển đến doanh nghiệp có doanh số hơn 1 triệu đô-la chỉ 10 năm sau đó, năm 1972.

Nhưng không may, đối tác Nhật Bản trở chứng, đứng trước nguy cơ phải giải tán công ty mình dày công thành lập, ông và cộng sự đã chuyển hướng sang sản xuất giày, từ đó logo và thương hiệu Nike ra đời.

Ông không đưa ra bí quyết, chiến lược, hay bước hành động dành cho các bạn trẻ mê kinh doanh, các chủ doanh nghiệp đang dồn hết tâm sức cho đứa con doanh nghiệp của mình; nhưng qua câu chuyện và cách xử lý của ông, người đọc sẽ học được rất nhiều những bài học quý giá về gầy dựng doanh nghiệp, vượt qua khó khăn và thất bại không thể tránh khỏi, để từ đó có tư duy kinh doanh cho riêng mình. Đó là những câu chuyện là nhân sự (chọn được người để cùng mình bước lên hành trình xây dựng công ty đầy gian nan), dòng tiền, về làm ăn với các đối tác, khi bị đối thủ tấn công, rồi mặt bằng, rồi biến động tỉ giá, rồi cả những sự vụ pháp lý có liên quan…

Con đường Phil Knight cùng những gã nghiện giày khác xây dựng thương hiệu Nike đầy chông gai, những cuộc “chiến đấu” bất tận và cả thất bại, và Knight đã chia sẻ thẳng thắn tất cả trong quyển sách này. Ông không giấu giếm, kể cả những chuyện xấu của ông, ví dụ như một lần lục cặp tài liệu của đối tác Nhật Bản!

Bằng giọng văn mộc mạc, câu ngắn gọn, người đọc như bị lôi cuốn vào câu chuyện truyền cảm hứng này.",2017-07-12,2,,
Nhà Quản Lý 4.0,100,8936066686914,Tiếng Việt,344,109000,https://www.fahasa.com/nha-quan-ly-4-0.html,"“Nhà quản lý 4.0” của Sarah Wood đưa độc giả bước vào một hành trình lãnh đạo gồm 5 bước: Từ việc thấu hiểu sự thay đổi của thế giới hiện nay, đến xác lập sứ mệnh lãnh đạo cá nhân, phát triển bộ công cụ lãnh đạo, xây dựng đội ngũ ưu tú và trao quyền để họ tạo ra thành quả xuất sắc. Thật vậy, chúng ta đang sống ở một kỷ nguyên mà công nghệ đã làm thay đổi quá nhiều điều, từ cách sinh hoạt, cách giao tiếp, cách xây dựng mối quan hệ đến cách làm việc. Triết lý lãnh đạo đã biến chuyển rất nhiều, và những giả thuyết, phương pháp cũ sẽ không thể bắt kịp một thế giới đầy ắp đổi thay.
Không có khuôn mẫu nào có thể ""hô biến"" một người trở thành nhà lãnh đạo vĩ đại. Nhưng sau khi đọc cuốn sách ""Nhà quản lý 4.0"", tư duy của bạn sẽ trở nên đặc biệt linh hoạt, và bạn có thể lên những kế hoạch lãnh đạo phù hợp nhất với tình huống của mình. Một lần nữa, hãy nhớ rằng đây là thời đại của những nhà lãnh đạo ""đời thường"". Hay nói cách khác - những người giống như bạn. Đừng sợ hãi mà hãy ngẩng đầu, nhìn thẳng, bước lên phía trước! Vì một bước tiến vĩ đại lúc khởi đầu sẽ thay đổi hoàn toàn tầm nhìn của bạn.",2019-06-06,7,,
Phương Pháp Dạy Con Không Đòn Roi (2022),200,8936066694735,Tiếng Việt,386,143000,https://www.fahasa.com/phuong-phap-day-con-khong-don-roi-2022.html?fhs_campaign=DEAL_HOT_PAGES,"Có bao giờ bạn tự hỏi mình, đặc biệt là sau mỗi cuộc đối thoại tuyệt vọng với bọn trẻ.

“Mình không thể làm tốt hơn được sao? Mình không thể cư xử đúng mực hơn và là một người cha mẹ có sức ảnh hưởng hơn ư? Mình không thể kỷ luật chúng theo cách làm dịu tình hình thay vì làm mọi thứ rối tung lên?”

Bạn muốn loại bỏ những hành vi không tốt, nhưng bạn muốn phản ứng theo cách sẽ nâng giá trị và thắt chặt tình cảm với bọn trẻ chứ không phải điều ngược lại. Bạn muốn ít rắc rối đi chứ không nhiều hơn.

Cuốn sách này sẽ giúp bạn có thể kỷ luật trẻ theo hướng đề cao mối quan hệ và sự tôn trọng, bớt rắc rối và tranh cãi - và trong quá trình đó, bạn có thể bồi dưỡng kỹ năng xây dựng mối quan hệ tốt, cải thiện khả năng đưa ra quyết định đúng đắn của bọn trẻ, biết suy nghĩ đến người khác, và chuẩn bị hành trang cho chúng được hạnh phúc và thành công suốt cuộc đời.

“Mối quan hệ với con cái luôn là trung tâm cho mọi thứ chúng ta làm. Bất kể ta đang chơi với chúng, nói chuyện hay cười cùng với chúng, hoặc thậm chí kỷ luật chúng, ta cũng muốn bọn trẻ cảm nhận được mức độ sâu sắc của toàn bộ tình yêu thương và thiện ý của chúng ta, dù chúng ta đang công nhận một hành động tử tế hay chỉ ra hành vi sai trái.” - Trích sách Phương Pháp Dạy Con Không Đòn Roi",2022-06-08,10,,
Tiếng Nhật Công Nghệ Thông Tin Trong Ngành Phần Mềm,200,8935280912335,"Tiếng Nhật, Tiếng Việt",196,246000,https://www.fahasa.com/tieng-nhat-cong-nghe-thong-tin-trong-nganh-phan-mem.html?fhs_campaign=DEAL_HOT_PAGES,"Cuốn sách “Tiếng Nhật công nghệ thông tin trong ngành phần mềm” là lời giải cho bài toán “Học tiếng Nhật thế nào để có thể ứng dụng ngay được vào công việc”. Nội dung của cuốn sách là những kinh nghiệm được đúc rút và hoàn thiện bởi đội ngũ biên phiên dịch đã trực tiếp tham gia các dự án phát triển phần mềm với khách hàng Nhật Bản và có thời gian dài đào tạo nhiều lớp tiếng Nhật tại doanh nghiệp.

Đối tượng của cuốn sách này là những người đang sử dụng tiếng Nhật trong lĩnh vực IT với khách hàng Nhật hoặc những người đang học tập tiếng Nhật ở trình độ trung cấp trở lên. 15 bài học trong sách được thiết kế mô phỏng theo vòng đời của một dự án waterfall (mô hình thác nước), sắp xếp trình tự từ khi bắt đầu đến khi kết thúc dự án. Nhóm tác giả cũng cố gắng đưa vào bài học nhiều thuật ngữ đồng nghĩa, qua đó, giúp người học dễ dàng hình dung được tổng thể một dự án phát triển phần mềm như thế nào, đồng thời nắm bắt được những từ vựng IT xuất hiện đa dạng trong các giai đoạn của dự án.
Cấu trúc của mỗi bài học gồm hai phần: đọc hiểu và hội thoại. Phần đọc hiểu giúp người học có thêm kiến thức IT, được diễn giải dễ hiểu về các khái niệm cơ bản xuất hiện trong lĩnh vực phần mềm. Phần hội thoại liên kết với nội dung bài đọc và mô phỏng theo các buổi họp dự án. Các nhân vật xuất hiện trong bài hội thoại được xây dựng thống nhất và xuyên suốt qua các bài học. Người học quét mã QR ở trang bìa để đăng kí sử dụng và mã QR ở mỗi bài hội thoại để luyện nghe và luyện tập mở rộng vốn từ tại trang searchdi.io.

Cuốn sách là tâm huyết của tập thể tác giả, với mong muốn đem lại giá trị thực tiễn cho những người đang làm việc và học tập tiếng Nhật trong lĩnh vực công nghệ thông tin. Nhóm tác giả hy vọng những kiến thức trong cuốn sách này sẽ được vận dụng hữu ích cho công việc hằng ngày của các bạn. Rất mong nhận được những ý kiến đóng góp để cuốn sách ngày một hoàn thiện hơn.",2022-01-05,1,,
Leonardo Da Vinci Walter Isaacson (Tái Bản),100,8935270703820,Tiếng Việt,736,755000,https://www.fahasa.com/leonardo-da-vinci-walter-isaacson-tai-ban.html?fhs_campaign=DEAL_HOT_PAGES,"Ông là thiên tài sáng tạo nhất trong lịch sử.

Ông có thể truyền lại cho chúng ta bí mật gì?

Tác giả của các cuốn sách bán chạy nhất về Steve Jobs, Albert Einstein, và Benjamin Franklin sẽ đưa Leonardo trở lại với chúng ta trong cuốn tiểu sử vô cùng hấp dẫn này.
Năng lực sáng tạo của ông, cũng giống như của những nhà phát minh vĩ đại khác, xuất phát từ chỗ đứng của họ tại giao điểm giữa nghệ thuật nhân văn và công nghệ. Ông cắt bỏ phần da thịt trên gương mặt của các tử thi, vẽ lại các cơ làm cho môi chuyển động, rồi làm nên nụ cười đáng nhớ nhất trong lịch sử trên bức họa Mona Lisa. Ông khám phá nguyên tắc toán học của quang học thị giác, chỉ ra đường đi của ánh sáng khi đập vào giác mạc, rồi tạo nên ảo ảnh về những thay đổi phối cảnh trong bức Bữa tối cuối cùng. Isaacson cũng mô tả niềm đam mê suốt đời với việc dàn dựng những vở kịch trên sân khấu đã làm giàu thêm cho các bức họa và phát minh của ông ra sao. Khả năng kết nối nghệ thuật và khoa học, mà hình ảnh tiêu biểu nhất là bức vẽ có thể là chính ông đang nằm trọn bên trong một hình tròn và một hình vuông, đã trở thành công thức trường cửu của sáng tạo đột phá. Cuộc đời ông gợi nhắc chúng ta về tầm quan trọng của việc tích lũy từng chút một, cho cả bản thân lẫn con cái chúng ta, không chỉ tri thức sẵn có mà cả tinh thần sẵn sàng chất vấn nó – để trí tưởng tượng trở nên phong phú, và, giống như nhân vật lập dị hay nổi loạn tài năng trong bất kỳ thời đại nào, để suy nghĩ khác biệt. “Đọc tiểu sử Leonardo da Vinci giống như ta đang đi tham quan cuộc đời và sự nghiệp của một trong những nhân vật kiệt xuất nhất của mọi thời đại, với sự đồng hành của một trong những “hướng dẫn viên” uyên bác, cuốn hút, thông tuệ nhất trên đời. Walter Isaacson là một học giả thực thụ, một nhà văn xuất thần.  Và từ những trang sách này, ta sẽ đúc rút được một kho những bài học quý báu.” - Nhà sử học David McCullough. Trích lời tác giả :

Cuốn tiểu sử này là đỉnh cao của loạt sách tôi từng viết về sự sáng tạo, trong đó đáng chú ý nhất là Benjamin Franklin, Albert Einstein, Steve Jobs, và bây giờ là Leonardo da Vinci.
Tất cả những con người này đều rất thông minh. Nhưng rốt cuộc, tôi nhận ra rằng, đó không phải điểm mấu chốt. Là nhà báo và nhà viết tiểu sử, tôi phát hiện ra rằng có vô số người thông minh trên thế giới.
Nhưng thường thì điều đó không nói lên được gì nhiều. Thứ đo đếm được – thứ khiến cho ai đó đích thực là một thiên tài sáng tạo – là trí tưởng tượng, là khả năng “suy nghĩ khác biệt” (think different), như dụng ngôn của Steve Jobs, và như Einstein đã nói:  “Trí tưởng tượng còn quan trọng hơn cả kiến thức”",2022-02-10,1,,
