name,email,email_verified_at,password,remember_token,deleted_at,,
Nguyễn Văn A,anguyen@gmail.com,12/10/2022 8:21,$2y$10$92IXUNpkjO0rOQ5byMi.Ye4oKoEa3Ro9llC/.og/at2.uheWG/igi,A0x6k5XgEN,,,
Nguyễn Thị B,bnguyen@gmail.com,12/10/2022 8:21,$2y$10$92IXUNpkjO0rOQ5byMi.Ye4oKoEa3Ro9llC/.og/at2.uheWG/igi,hYPedxS23w,,,
Khánh Phạm,khanhpham@gmail.com,12/10/2022 8:21,$2y$10$92IXUNpkjO0rOQ5byMi.Ye4oKoEa3Ro9llC/.og/at2.uheWG/igi,8oncZ40ur9,,,
Phú Huỳnh,phuhuynh@gmail.com,12/10/2022 8:21,$2y$10$92IXUNpkjO0rOQ5byMi.Ye4oKoEa3Ro9llC/.og/at2.uheWG/igi,P1FYk9EWY2,,,
Phú Thiên,phuthien@gmail.com,12/10/2022 8:21,$2y$10$92IXUNpkjO0rOQ5byMi.Ye4oKoEa3Ro9llC/.og/at2.uheWG/igi,GxqgaBpMIs,,,
Long Châu,longchau@gmail.com,12/10/2022 8:21,$2y$10$92IXUNpkjO0rOQ5byMi.Ye4oKoEa3Ro9llC/.og/at2.uheWG/igi,bH7V4jpsWg,,,
Đình Khoa,dinhkhoa@gmail.com,12/10/2022 8:21,$2y$10$92IXUNpkjO0rOQ5byMi.Ye4oKoEa3Ro9llC/.og/at2.uheWG/igi,Iij511vZ9a,,,
Anh Khoa,anhkhoa@gmail.com,12/10/2022 8:21,$2y$10$92IXUNpkjO0rOQ5byMi.Ye4oKoEa3Ro9llC/.og/at2.uheWG/igi,jvx8v17Hro,,,
Tấn Lộc,tanloc@gmail.com,12/10/2022 8:21,$2y$10$92IXUNpkjO0rOQ5byMi.Ye4oKoEa3Ro9llC/.og/at2.uheWG/igi,zkgzpr1bDz,,,
Dandre Muller,dandremuller@gmail.com,12/10/2022 8:21,$2y$10$92IXUNpkjO0rOQ5byMi.Ye4oKoEa3Ro9llC/.og/at2.uheWG/igi,tCgKkDodvl,,,
