address,phone,bio,avatar,user_id,
"Linh Trung, Thành Phố Thủ Đức, Thành Phố Hồ Chí Minh",123456789,,null,1,
"3/2, Phường 12, Quận 10, Thành Phố Hồ Chí Minh",987654321,,null,2,
"KTX khu A, Linh Trung, Thành Phố Thủ Đức, Thành Phố Hồ Chính Minh",918273645,BE,null,3,
"KTX khu A, Linh Trung, Thành Phố Thủ Đức, Thành Phố Hồ Chính Minh
",981726354,BE,null,4,
"KTX khu A, Linh Trung, Thành Phố Thủ Đức, Thành Phố Hồ Chính Minh
",319284756,FE,null,5,
"Suối Tiên, Linh Trung, Thành Phố Thủ Đức, Thành Phố Hồ Chính Minh",987651234,BE,null,6,
"KTX khu A, Linh Trung, Thành Phố Thủ Đức, Thành Phố Hồ Chính Minh
",345672189,FE,null,7,
"KTX khu A, Linh Trung, Thành Phố Thủ Đức, Thành Phố Hồ Chính Minh
",356784219,FE,null,8,
"Suối Tiên, Linh Trung, Thành Phố Thủ Đức, Thành Phố Hồ Chính Minh",876591234,BE,null,9,
"Nguyễn Chí Thanh, Láng Thượng, Đống Đa, Hà Nội",678954216,,null,10,
